,html,url,view
0,F:\beifen\net_beifen_0630\3g.roothan.com\wxb1\static\wxb1\gk\index.html,wxb1/gk/index,wxb1_gk_index
1,F:\beifen\net_beifen_0630\3g.roothan.com\wxb1\static\wxb1\gk\page\class\alert1.html,wxb1/gk/page/class/alert1,wxb1_gk_page_class_alert1
2,F:\beifen\net_beifen_0630\3g.roothan.com\wxb1\static\wxb1\gk\page\class\alert2.html,wxb1/gk/page/class/alert2,wxb1_gk_page_class_alert2
3,F:\beifen\net_beifen_0630\3g.roothan.com\wxb1\static\wxb1\gk\page\class\cookie.html,wxb1/gk/page/class/cookie,wxb1_gk_page_class_cookie
4,F:\beifen\net_beifen_0630\3g.roothan.com\wxb1\static\wxb1\gk\page\class\force1.html,wxb1/gk/page/class/force1,wxb1_gk_page_class_force1
5,F:\beifen\net_beifen_0630\3g.roothan.com\wxb1\static\wxb1\gk\page\class\force2.html,wxb1/gk/page/class/force2,wxb1_gk_page_class_force2
6,F:\beifen\net_beifen_0630\3g.roothan.com\wxb1\static\wxb1\gk\page\class\map.html,wxb1/gk/page/class/map,wxb1_gk_page_class_map
7,F:\beifen\net_beifen_0630\3g.roothan.com\wxb1\static\wxb1\gk\page\class\mapTarget.html,wxb1/gk/page/class/mapTarget,wxb1_gk_page_class_mapTarget
8,F:\beifen\net_beifen_0630\3g.roothan.com\wxb1\static\wxb1\gk\page\class\new51.html,wxb1/gk/page/class/new51,wxb1_gk_page_class_new51
9,F:\beifen\net_beifen_0630\3g.roothan.com\wxb1\static\wxb1\gk\page\class\new61.html,wxb1/gk/page/class/new61,wxb1_gk_page_class_new61
10,F:\beifen\net_beifen_0630\3g.roothan.com\wxb1\static\wxb1\gk\page\class\new71.html,wxb1/gk/page/class/new71,wxb1_gk_page_class_new71
11,F:\beifen\net_beifen_0630\3g.roothan.com\wxb1\static\wxb1\gk\page\class\oa\oa.html,wxb1/gk/page/class/oa/oa,wxb1_gk_page_class_oa_oa
12,F:\beifen\net_beifen_0630\3g.roothan.com\wxb1\static\wxb1\gk\page\class\port1.html,wxb1/gk/page/class/port1,wxb1_gk_page_class_port1
13,F:\beifen\net_beifen_0630\3g.roothan.com\wxb1\static\wxb1\gk\page\class\port2.html,wxb1/gk/page/class/port2,wxb1_gk_page_class_port2
14,F:\beifen\net_beifen_0630\3g.roothan.com\wxb1\static\wxb1\gk\page\class\prepared1.html,wxb1/gk/page/class/prepared1,wxb1_gk_page_class_prepared1
15,F:\beifen\net_beifen_0630\3g.roothan.com\wxb1\static\wxb1\gk\page\class\prepared2.html,wxb1/gk/page/class/prepared2,wxb1_gk_page_class_prepared2
16,F:\beifen\net_beifen_0630\3g.roothan.com\wxb1\static\wxb1\gk\page\class\prepared3.html,wxb1/gk/page/class/prepared3,wxb1_gk_page_class_prepared3
17,F:\beifen\net_beifen_0630\3g.roothan.com\wxb1\static\wxb1\gk\page\class\prepared4.html,wxb1/gk/page/class/prepared4,wxb1_gk_page_class_prepared4
18,F:\beifen\net_beifen_0630\3g.roothan.com\wxb1\static\wxb1\gk\page\class\topoFinally.html,wxb1/gk/page/class/topoFinally,wxb1_gk_page_class_topoFinally
19,F:\beifen\net_beifen_0630\3g.roothan.com\wxb1\static\wxb1\gk\page\class\vnc\ubuntu.html,wxb1/gk/page/class/vnc/ubuntu,wxb1_gk_page_class_vnc_ubuntu
20,F:\beifen\net_beifen_0630\3g.roothan.com\wxb1\static\wxb1\gk\page\class\vnc\win.html,wxb1/gk/page/class/vnc/win,wxb1_gk_page_class_vnc_win
21,F:\beifen\net_beifen_0630\3g.roothan.com\wxb1\static\wxb1\index.html,wxb1/index,wxb1_index
22,F:\beifen\net_beifen_0630\3g.roothan.com\wxb1\static\wxb1\index2.html,wxb1/index2,wxb1_index2
23,F:\beifen\net_beifen_0630\3g.roothan.com\wxb1\static\wxb1\lesuo\index.html,wxb1/lesuo/index,wxb1_lesuo_index
24,F:\beifen\net_beifen_0630\3g.roothan.com\wxb1\static\wxb1\lesuo\page\class\alert1.html,wxb1/lesuo/page/class/alert1,wxb1_lesuo_page_class_alert1
25,F:\beifen\net_beifen_0630\3g.roothan.com\wxb1\static\wxb1\lesuo\page\class\alert2.html,wxb1/lesuo/page/class/alert2,wxb1_lesuo_page_class_alert2
26,F:\beifen\net_beifen_0630\3g.roothan.com\wxb1\static\wxb1\lesuo\page\class\cookie.html,wxb1/lesuo/page/class/cookie,wxb1_lesuo_page_class_cookie
27,F:\beifen\net_beifen_0630\3g.roothan.com\wxb1\static\wxb1\lesuo\page\class\force1.html,wxb1/lesuo/page/class/force1,wxb1_lesuo_page_class_force1
28,F:\beifen\net_beifen_0630\3g.roothan.com\wxb1\static\wxb1\lesuo\page\class\force2.html,wxb1/lesuo/page/class/force2,wxb1_lesuo_page_class_force2
29,F:\beifen\net_beifen_0630\3g.roothan.com\wxb1\static\wxb1\lesuo\page\class\map.html,wxb1/lesuo/page/class/map,wxb1_lesuo_page_class_map
30,F:\beifen\net_beifen_0630\3g.roothan.com\wxb1\static\wxb1\lesuo\page\class\mapTarget.html,wxb1/lesuo/page/class/mapTarget,wxb1_lesuo_page_class_mapTarget
31,F:\beifen\net_beifen_0630\3g.roothan.com\wxb1\static\wxb1\lesuo\page\class\new51.html,wxb1/lesuo/page/class/new51,wxb1_lesuo_page_class_new51
32,F:\beifen\net_beifen_0630\3g.roothan.com\wxb1\static\wxb1\lesuo\page\class\new61.html,wxb1/lesuo/page/class/new61,wxb1_lesuo_page_class_new61
33,F:\beifen\net_beifen_0630\3g.roothan.com\wxb1\static\wxb1\lesuo\page\class\new71.html,wxb1/lesuo/page/class/new71,wxb1_lesuo_page_class_new71
34,F:\beifen\net_beifen_0630\3g.roothan.com\wxb1\static\wxb1\lesuo\page\class\oa\oa.html,wxb1/lesuo/page/class/oa/oa,wxb1_lesuo_page_class_oa_oa
35,F:\beifen\net_beifen_0630\3g.roothan.com\wxb1\static\wxb1\lesuo\page\class\port1.html,wxb1/lesuo/page/class/port1,wxb1_lesuo_page_class_port1
36,F:\beifen\net_beifen_0630\3g.roothan.com\wxb1\static\wxb1\lesuo\page\class\port2.html,wxb1/lesuo/page/class/port2,wxb1_lesuo_page_class_port2
37,F:\beifen\net_beifen_0630\3g.roothan.com\wxb1\static\wxb1\lesuo\page\class\prepared1.html,wxb1/lesuo/page/class/prepared1,wxb1_lesuo_page_class_prepared1
38,F:\beifen\net_beifen_0630\3g.roothan.com\wxb1\static\wxb1\lesuo\page\class\prepared2.html,wxb1/lesuo/page/class/prepared2,wxb1_lesuo_page_class_prepared2
39,F:\beifen\net_beifen_0630\3g.roothan.com\wxb1\static\wxb1\lesuo\page\class\prepared3.html,wxb1/lesuo/page/class/prepared3,wxb1_lesuo_page_class_prepared3
40,F:\beifen\net_beifen_0630\3g.roothan.com\wxb1\static\wxb1\lesuo\page\class\prepared4.html,wxb1/lesuo/page/class/prepared4,wxb1_lesuo_page_class_prepared4
41,F:\beifen\net_beifen_0630\3g.roothan.com\wxb1\static\wxb1\lesuo\page\class\topoFinally.html,wxb1/lesuo/page/class/topoFinally,wxb1_lesuo_page_class_topoFinally
42,F:\beifen\net_beifen_0630\3g.roothan.com\wxb1\static\wxb1\lesuo\page\class\vnc\ubuntu.html,wxb1/lesuo/page/class/vnc/ubuntu,wxb1_lesuo_page_class_vnc_ubuntu
43,F:\beifen\net_beifen_0630\3g.roothan.com\wxb1\static\wxb1\lesuo\page\class\vnc\win.html,wxb1/lesuo/page/class/vnc/win,wxb1_lesuo_page_class_vnc_win
44,F:\beifen\net_beifen_0630\3g.roothan.com\wxb1\static\wxb1\web\index.html,wxb1/web/index,wxb1_web_index
45,F:\beifen\net_beifen_0630\3g.roothan.com\wxb1\static\wxb1\web\page\class\alert1.html,wxb1/web/page/class/alert1,wxb1_web_page_class_alert1
46,F:\beifen\net_beifen_0630\3g.roothan.com\wxb1\static\wxb1\web\page\class\alert2.html,wxb1/web/page/class/alert2,wxb1_web_page_class_alert2
47,F:\beifen\net_beifen_0630\3g.roothan.com\wxb1\static\wxb1\web\page\class\cookie.html,wxb1/web/page/class/cookie,wxb1_web_page_class_cookie
48,F:\beifen\net_beifen_0630\3g.roothan.com\wxb1\static\wxb1\web\page\class\force.html,wxb1/web/page/class/force,wxb1_web_page_class_force
49,F:\beifen\net_beifen_0630\3g.roothan.com\wxb1\static\wxb1\web\page\class\force1.html,wxb1/web/page/class/force1,wxb1_web_page_class_force1
50,F:\beifen\net_beifen_0630\3g.roothan.com\wxb1\static\wxb1\web\page\class\force2.html,wxb1/web/page/class/force2,wxb1_web_page_class_force2
51,F:\beifen\net_beifen_0630\3g.roothan.com\wxb1\static\wxb1\web\page\class\map.html,wxb1/web/page/class/map,wxb1_web_page_class_map
52,F:\beifen\net_beifen_0630\3g.roothan.com\wxb1\static\wxb1\web\page\class\mapTarget.html,wxb1/web/page/class/mapTarget,wxb1_web_page_class_mapTarget
53,F:\beifen\net_beifen_0630\3g.roothan.com\wxb1\static\wxb1\web\page\class\new51.html,wxb1/web/page/class/new51,wxb1_web_page_class_new51
54,F:\beifen\net_beifen_0630\3g.roothan.com\wxb1\static\wxb1\web\page\class\new61.html,wxb1/web/page/class/new61,wxb1_web_page_class_new61
55,F:\beifen\net_beifen_0630\3g.roothan.com\wxb1\static\wxb1\web\page\class\new71.html,wxb1/web/page/class/new71,wxb1_web_page_class_new71
56,F:\beifen\net_beifen_0630\3g.roothan.com\wxb1\static\wxb1\web\page\class\oa\oa.html,wxb1/web/page/class/oa/oa,wxb1_web_page_class_oa_oa
57,F:\beifen\net_beifen_0630\3g.roothan.com\wxb1\static\wxb1\web\page\class\port1.html,wxb1/web/page/class/port1,wxb1_web_page_class_port1
58,F:\beifen\net_beifen_0630\3g.roothan.com\wxb1\static\wxb1\web\page\class\port2.html,wxb1/web/page/class/port2,wxb1_web_page_class_port2
59,F:\beifen\net_beifen_0630\3g.roothan.com\wxb1\static\wxb1\web\page\class\prepared1.html,wxb1/web/page/class/prepared1,wxb1_web_page_class_prepared1
60,F:\beifen\net_beifen_0630\3g.roothan.com\wxb1\static\wxb1\web\page\class\prepared2.html,wxb1/web/page/class/prepared2,wxb1_web_page_class_prepared2
61,F:\beifen\net_beifen_0630\3g.roothan.com\wxb1\static\wxb1\web\page\class\prepared3.html,wxb1/web/page/class/prepared3,wxb1_web_page_class_prepared3
62,F:\beifen\net_beifen_0630\3g.roothan.com\wxb1\static\wxb1\web\page\class\prepared4.html,wxb1/web/page/class/prepared4,wxb1_web_page_class_prepared4
63,F:\beifen\net_beifen_0630\3g.roothan.com\wxb1\static\wxb1\web\page\class\topoFinally.html,wxb1/web/page/class/topoFinally,wxb1_web_page_class_topoFinally
64,F:\beifen\net_beifen_0630\3g.roothan.com\wxb1\static\wxb1\web\page\class\vnc\ubuntu.html,wxb1/web/page/class/vnc/ubuntu,wxb1_web_page_class_vnc_ubuntu
65,F:\beifen\net_beifen_0630\3g.roothan.com\wxb1\static\wxb1\web\page\class\vnc\win.html,wxb1/web/page/class/vnc/win,wxb1_web_page_class_vnc_win
